variant,seed,weighted_f1,accuracy,epoch,neutral,surprise,fear,sadness,joy,disgust,anger,source
full,2025,67.88359990807896,68.5823754789272,47,80.63902624572081,61.092150170648466,30.303030303030308,42.73972602739726,64.70588235294117,40.0,56.782334384858046,results/revision_20261003/analysis.json
full,2028,67.78145114634475,68.50574712643677,36,80.68702290076337,60.42402826855123,33.33333333333333,42.69662921348314,65.74307304785894,34.42622950819673,55.855855855855864,results/revision_20261003/analysis.json
full,2069,67.88676908516699,68.62068965517241,40,80.85268366958506,59.79381443298969,31.250000000000007,43.888888888888886,65.21181001283696,35.59322033898305,56.53495440729483,results/revision_20261003/analysis.json
no_feature_gating,2025,67.83673822102014,68.544061302682,28,80.75153374233128,59.735973597359745,34.48275862068966,44.75920679886685,64.72819216182047,36.0655737704918,56.049004594180694,results/revision_20261003/analysis.json
no_feature_gating,2028,67.7348865320366,68.50574712643677,26,80.8641975308642,60.526315789473685,26.82926829268293,44.134078212290504,65.92039800995025,32.432432432432435,55.03759398496242,results/revision_20261003/analysis.json
no_feature_gating,2069,67.91709194417973,68.62068965517241,41,80.93058733790998,60.207612456747405,30.927835051546392,44.3213296398892,65.48223350253807,36.0655737704918,55.52147239263804,results/revision_20261003/analysis.json
no_adaptive_gating,2025,67.5923007325037,68.39080459770115,26,80.64024390243904,59.932659932659924,27.848101265822784,44.565217391304344,64.19437340153453,35.0,56.35528330781011,results/revision_20261003/analysis.json
no_adaptive_gating,2028,67.92346433060243,68.65900383141762,27,80.93774019984626,60.73825503355705,31.818181818181817,45.05494505494505,65.67534076827758,33.333333333333336,54.853620955315876,results/revision_20261003/analysis.json
no_adaptive_gating,2069,67.87265389685736,68.5823754789272,43,80.91603053435114,60.92943201376936,30.61224489795918,43.45403899721448,65.31645569620252,35.77235772357724,55.469953775038505,results/revision_20261003/analysis.json
no_feature_and_adaptive_gating,2025,67.89083611201315,68.5823754789272,30,80.76628352490422,59.82905982905983,35.29411764705882,44.943820224719104,65.56962025316454,33.599999999999994,55.60538116591929,results/revision_20261003/analysis.json
no_feature_and_adaptive_gating,2028,67.96246331059436,68.62068965517241,41,80.73394495412843,60.732984293193724,33.33333333333333,43.71584699453553,65.65272496831433,37.398373983739845,55.70776255707762,results/revision_20261003/analysis.json
no_feature_and_adaptive_gating,2069,67.99653630568045,68.73563218390805,45,80.89802130898022,61.458333333333336,29.47368421052632,43.33333333333334,65.90621039290242,37.79527559055118,55.19379844961241,results/revision_20261003/analysis.json
no_cross_attention,2025,67.85358506203262,68.42911877394636,34,80.32159264931086,60.41666666666667,33.663366336633665,45.40540540540541,65.40404040404042,39.0625,55.53822152886115,results/revision_20261003/analysis.json
no_cross_attention,2028,67.36498335558049,68.04597701149426,38,80.47564250095895,61.3013698630137,28.865979381443303,42.42424242424242,64.33041301627034,34.710743801652896,55.16178736517718,results/revision_20261003/analysis.json
no_cross_attention,2069,67.13874780188269,68.00766283524904,42,80.87845513063233,59.487179487179496,25.80645161290322,41.92634560906516,64.5408163265306,34.92063492063492,53.91849529780565,results/revision_20261003/analysis.json
no_mixer,2025,67.74645956582603,68.46743295019158,40,80.73254483021746,60.72041166380788,31.914893617021278,42.89693593314763,64.96815286624204,35.48387096774193,55.96330275229357,results/revision_20261003/analysis.json
no_mixer,2028,67.99311447350384,68.69731800766283,30,81.0477657935285,61.43572621035058,28.571428571428566,44.0771349862259,64.97461928934011,30.508474576271183,56.845238095238095,results/revision_20261003/analysis.json
no_mixer,2069,67.65173728467182,68.50574712643677,41,80.72699734948883,60.544217687074834,30.76923076923077,43.75,64.95507060333762,33.057851239669425,55.55555555555556,results/revision_20261003/analysis.json
no_pairwise,2025,67.88654610115192,68.5823754789272,47,80.66971080669711,61.092150170648466,30.303030303030308,42.73972602739726,64.70588235294117,40.0,56.69291338582677,results/revision_20261003/analysis.json
no_pairwise,2028,67.78145114634475,68.50574712643677,36,80.68702290076337,60.42402826855123,33.33333333333333,42.69662921348314,65.74307304785894,34.42622950819673,55.855855855855864,results/revision_20261003/analysis.json
no_pairwise,2069,67.88740402565077,68.62068965517241,40,80.85268366958506,59.552495697074015,31.250000000000007,43.888888888888886,65.3846153846154,35.59322033898305,56.53495440729483,results/revision_20261003/analysis.json
no_auxiliary_loss,2025,67.58869611041463,68.27586206896552,29,80.58551617873651,60.46511627906976,28.571428571428566,44.01114206128134,64.40251572327044,34.42622950819673,56.193353474320254,results/revision_20261003/analysis.json
no_auxiliary_loss,2028,67.36028524333719,68.27586206896552,29,80.71646341463415,61.15702479338844,25.0,43.526170798898065,64.20382165605095,30.630630630630627,55.21472392638038,results/revision_20261003/analysis.json
no_auxiliary_loss,2069,67.5826668263941,68.2375478927203,39,80.61302681992338,60.06711409395974,26.66666666666666,44.86486486486487,65.21181001283696,33.87096774193549,55.29953917050692,results/revision_20261003/analysis.json
no_sequence_mixing,2025,67.6512319629623,68.39080459770115,31,80.47292143401984,59.79381443298969,34.09090909090909,43.21329639889196,64.63878326996198,32.520325203252035,57.40458015267175,results/revision_20261003/analysis.json
no_sequence_mixing,2028,67.69813315993314,68.46743295019158,37,80.77803203661327,60.58519793459553,28.888888888888893,43.943661971830984,65.23929471032746,33.87096774193549,55.35168195718656,results/revision_20261003/analysis.json
no_sequence_mixing,2069,67.75054389940861,68.50574712643677,44,80.80577727099963,60.647359454855184,30.61224489795918,44.38202247191011,64.8854961832061,37.096774193548384,54.858934169279,results/revision_20261003/analysis.json
no_modality_mixing,2025,67.64282742336938,68.35249042145594,31,80.82348455966452,58.503401360544224,34.04255319148936,43.943661971830984,64.35006435006436,33.87096774193549,56.752655538694995,results/revision_20261003/analysis.json
no_modality_mixing,2028,67.80475378116684,68.5823754789272,34,80.97598170034313,60.44905008635577,32.608695652173914,45.85635359116023,65.23388116308469,29.565217391304348,54.7112462006079,results/revision_20261003/analysis.json
no_modality_mixing,2069,67.71472936098378,68.39080459770115,46,80.55024837600305,60.06711409395974,27.956989247311824,45.00000000000001,64.69833119383824,37.096774193548384,56.221198156682014,results/revision_20261003/analysis.json
no_feature_mixing,2025,67.92073287987806,68.65900383141762,32,80.76045627376426,60.48109965635739,33.68421052631579,43.69747899159665,64.96815286624204,36.507936507936506,56.43410852713179,results/revision_20261003/analysis.json
no_feature_mixing,2028,68.04462338199414,68.77394636015326,36,80.93236530378296,61.052631578947384,33.68421052631579,43.575418994413404,65.6641604010025,35.59322033898305,55.722891566265076,results/revision_20261003/analysis.json
no_feature_mixing,2069,67.6476154179276,68.46743295019158,24,80.67226890756304,59.86842105263158,26.82926829268293,45.01424501424501,65.39440203562341,31.9327731092437,55.792682926829265,results/revision_20261003/analysis.json
one_mixer_block,2025,67.67323693305285,68.31417624521072,34,80.65875143623133,59.7623089983022,34.693877551020414,42.5414364640884,64.73551637279598,37.20930232558139,56.20094191522762,results/revision_20261003/analysis.json
one_mixer_block,2028,67.57301093403336,68.35249042145594,24,80.5866460825936,60.49586776859503,22.5,44.20485175202156,65.41822721598002,33.009708737864074,55.90433482810164,results/revision_20261003/analysis.json
one_mixer_block,2069,67.8457088098835,68.5823754789272,28,80.8413001912046,60.333333333333336,31.11111111111111,44.31818181818182,65.3061224489796,34.42622950819673,55.70776255707762,results/revision_20261003/analysis.json
amm_mlp,2025,67.48797751988795,68.2375478927203,31,80.15238095238094,60.40955631399317,35.55555555555556,42.857142857142854,65.39923954372622,36.36363636363637,55.19379844961241,results/revision_20261003/analysis.json
amm_mlp,2028,67.72654433039527,68.50574712643677,27,81.01071975497702,60.61643835616438,27.27272727272727,43.47826086956522,65.49560853199498,29.82456140350877,55.70776255707762,results/revision_20261003/analysis.json
amm_mlp,2069,67.47484690281107,68.2375478927203,26,80.73535044044426,60.82644628099173,30.434782608695656,43.767313019390585,65.23388116308469,30.76923076923077,54.1213063763608,results/revision_20261003/analysis.json
amm_attention,2025,67.4071973895504,68.27586206896552,35,80.60606060606061,59.758203799654574,27.368421052631575,40.90909090909091,65.4639175257732,31.034482758620697,56.79758308157099,results/revision_20261003/analysis.json
amm_attention,2028,67.50762763132184,68.5823754789272,25,81.1320754716981,59.38566552901023,21.333333333333336,44.3213296398892,64.84375,28.84615384615385,55.917159763313606,results/revision_20261003/analysis.json
amm_attention,2069,67.5531782448729,68.39080459770115,27,80.72837632776935,59.52380952380953,30.76923076923077,44.25770308123249,64.98740554156171,33.057851239669425,55.29225908372828,results/revision_20261003/analysis.json
amm_cubemlp,2025,67.80713325496522,68.39080459770115,39,80.74102663064453,60.137457044673546,34.78260869565217,44.56824512534819,65.10480887792849,33.587786259541986,55.65749235474004,results/revision_20261003/analysis.json
amm_cubemlp,2028,67.95901334003838,68.65900383141762,45,81.10175975516451,61.92893401015228,27.65957446808511,44.628099173553714,65.37467700258398,33.898305084745765,54.65465465465464,results/revision_20261003/analysis.json
amm_cubemlp,2069,67.78123387594482,68.39080459770115,49,80.87557603686636,60.232945091514146,31.68316831683168,44.692737430167604,65.81632653061224,33.333333333333336,54.4891640866873,results/revision_20261003/analysis.json
pairwise_mlp_residual,2025,67.26495041636294,68.04597701149426,32,80.48595292331056,59.395973154362416,29.166666666666668,42.77777777777778,64.54891994917406,33.599999999999994,55.62700964630226,results/revision_20261003/analysis.json
pairwise_mlp_residual,2028,67.86729371593522,68.69731800766283,28,81.03579588728104,60.92943201376936,30.23255813953488,44.01114206128134,65.39440203562341,31.034482758620697,55.55555555555555,results/revision_20261003/analysis.json
pairwise_mlp_residual,2069,67.6021529021208,68.31417624521072,38,80.60952380952381,59.79381443298969,31.250000000000007,43.575418994413404,64.5408163265306,36.8,56.00000000000001,results/revision_20261003/analysis.json
single_projection_view,2025,67.79096259764775,68.35249042145594,28,80.5566293003479,60.16528925619834,31.11111111111111,43.90243902439025,65.33166458072593,34.375,56.69781931464175,results/revision_20261003/analysis.json
single_projection_view,2028,67.76101837095855,68.544061302682,32,80.57772709996198,60.38394415357766,27.906976744186046,44.50402144772118,65.73604060913706,35.59322033898305,55.60675883256528,results/revision_20261003/analysis.json
single_projection_view,2069,67.79066474717604,68.50574712643677,28,80.73394495412843,59.76627712854757,30.107526881720435,45.19774011299435,64.54891994917406,35.0,56.528417818740394,results/revision_20261003/analysis.json
projection_views_2,2025,67.9048885480505,68.42911877394636,31,80.74102663064453,59.96592844974447,34.693877551020414,43.596730245231605,65.06935687263557,39.0625,56.09756097560975,results/sensitivity_20261006/analysis.json
projection_views_2,2028,67.89161905916815,68.5823754789272,30,80.89025326170376,60.0,29.88505747126437,45.52845528455284,65.56962025316454,32.47863247863248,55.6732223903177,results/sensitivity_20261006/analysis.json
projection_views_2,2069,67.7214416727015,68.50574712643677,37,80.39438756162306,60.06711409395974,31.914893617021278,44.44444444444444,65.04481434058899,35.48387096774193,56.514913657770805,results/sensitivity_20261006/analysis.json
projection_views_4,2025,67.53530719126,68.16091954022988,29,80.55555555555557,60.03316749585406,29.88505747126437,43.71584699453553,64.321608040201,33.87096774193549,56.44171779141104,results/sensitivity_20261006/analysis.json
projection_views_4,2028,68.01632230423297,68.77394636015326,36,80.79117535184481,59.6551724137931,32.96703296703297,45.76271186440678,65.56962025316454,36.0655737704918,55.96330275229357,results/sensitivity_20261006/analysis.json
projection_views_4,2069,67.7149844226132,68.62068965517241,24,80.77214231642697,59.395973154362416,31.11111111111111,43.731778425655975,65.30089628681179,35.08771929824562,55.96330275229357,results/sensitivity_20261006/analysis.json
projection_views_8,2025,67.54432607054046,68.39080459770115,24,80.53537284894836,59.83193277310923,31.16883116883117,43.626062322946176,65.06935687263557,31.304347826086953,56.25,results/sensitivity_20261006/analysis.json
projection_views_8,2028,67.8047505712454,68.5823754789272,32,80.98859315589353,61.11111111111111,29.166666666666668,43.13725490196079,65.0571791613723,36.36363636363637,55.13016845329249,results/sensitivity_20261006/analysis.json
projection_views_8,2069,67.72849556652322,68.46743295019158,33,80.80731150038079,60.73825503355705,29.166666666666668,44.943820224719104,65.03225806451613,32.786885245901644,55.16178736517718,results/sensitivity_20261006/analysis.json
concat_mlp,2025,67.88797397685946,68.77394636015326,48,80.8027262400606,61.06346483704973,34.883720930232556,42.5414364640884,65.40880503144655,35.59322033898305,55.748031496063,results/concat_mlp_20261009/meld_seed2025/result.json
modal_t,2025,67.7050384586421,68.42911877394636,25,80.75153374233128,60.59602649006624,30.23255813953488,45.00000000000001,64.47534766118838,34.710743801652896,55.38461538461539,results/revision_20261003/analysis.json
modal_t,2028,67.4996557873617,68.31417624521072,29,80.51849027830728,60.16806722689076,28.915662650602407,45.05494505494505,65.40404040404042,33.898305084745765,54.263565891472865,results/revision_20261003/analysis.json
modal_t,2069,67.29236230640352,68.16091954022988,27,80.70041872858774,59.735973597359745,30.588235294117645,42.3728813559322,64.98740554156171,32.520325203252035,54.516640253565775,results/revision_20261003/analysis.json
modal_a,2025,48.37548149398866,52.52873563218391,43,68.71414107323658,28.333333333333332,0.0,24.734982332155482,31.718061674008812,0.0,40.86330935251799,results/revision_20261003/analysis.json
modal_a,2028,48.64937197615018,52.643678160919535,48,68.48381601362861,28.925619834710748,0.0,25.42955326460481,31.024096385542173,0.0,43.681318681318686,results/revision_20261003/analysis.json
modal_a,2069,48.314637585107036,52.41379310344828,47,68.31247886371322,29.38931297709924,0.0,23.703703703703706,30.76923076923077,0.0,42.73255813953487,results/revision_20261003/analysis.json
modal_v,2025,32.599344284740106,41.91570881226054,3,57.922480620155035,0.0,0.0,0.0,30.68072866730585,0.0,0.0,results/revision_20261003/analysis.json
modal_v,2028,31.26849060381001,48.122605363984675,1,64.97672012415934,0.0,0.0,0.0,0.0,0.0,0.0,results/revision_20261003/analysis.json
modal_v,2069,31.26849060381001,48.122605363984675,5,64.97672012415934,0.0,0.0,0.0,0.0,0.0,0.0,results/revision_20261003/analysis.json
modal_ta,2025,67.81412735485162,68.5823754789272,27,80.85758039816233,61.02819237147595,29.545454545454547,43.75,64.65408805031446,34.42622950819673,56.172839506172835,results/revision_20261003/analysis.json
modal_ta,2028,67.7571062669293,68.544061302682,36,80.72976054732041,59.89492119089317,35.05154639175258,43.75,65.32663316582915,36.97478991596639,55.04587155963303,results/revision_20261003/analysis.json
modal_ta,2069,68.07734103947412,68.85057471264368,46,81.03382744203725,60.8695652173913,32.25806451612903,44.01114206128134,65.40404040404042,37.398373983739845,55.641421947449764,results/revision_20261003/analysis.json
modal_tv,2025,67.37399043325428,68.00766283524904,39,80.25964108438338,60.273972602739725,31.775700934579444,41.666666666666664,64.11238825031928,39.682539682539684,56.162246489859605,results/revision_20261003/analysis.json
modal_tv,2028,67.39146399859875,68.16091954022988,38,80.62310030395136,58.88501742160279,34.0,42.73504273504273,65.22292993630573,34.42622950819673,54.878048780487795,results/revision_20261003/analysis.json
modal_tv,2069,67.28833127349978,68.16091954022988,44,80.40847201210288,60.750853242320815,33.68421052631579,40.563380281690144,64.62324393358875,36.36363636363637,55.03144654088049,results/revision_20261003/analysis.json
modal_av,2025,48.63730265110873,52.68199233716475,38,68.70748299319727,26.35983263598326,0.0,24.19928825622776,32.61802575107296,0.0,43.75,results/revision_20261003/analysis.json
modal_av,2028,49.11527468737921,52.758620689655174,46,68.48652384243262,27.888446215139446,0.0,27.831715210355984,32.16995447647952,0.0,45.25745257452574,results/revision_20261003/analysis.json
modal_av,2069,48.831266178702876,52.643678160919535,41,68.5890834191555,28.460038986354775,0.0,23.859649122807017,33.383458646616546,0.0,43.25068870523416,results/revision_20261003/analysis.json
