dataset,S,n,accuracy_mean_pct,accuracy_sample_sd_pct,weighted_f1_mean_pct,weighted_f1_sample_sd_pct,weighted_f1_delta_to_S6_pp,source
iemocap,1,3,71.57527212980078,0.4008876832192072,71.70789482889501,0.4129737688165781,-0.4380223995027614,reference_20261003
iemocap,2,3,71.3904292462518,0.23326795423291752,71.5300274464316,0.2790152051616823,-0.6158897819661651,sensitivity_20261006
iemocap,4,3,71.67796262066133,0.23326795423291363,71.76903013183811,0.1941088703718212,-0.37688709655967123,sensitivity_20261006
iemocap,6,3,72.02711028958718,0.24645717806531242,72.14591722839778,0.21001017459149648,0.0,reference_20261003
iemocap,8,3,71.80119120969398,0.17786514762465377,71.8973221356757,0.22055707371901576,-0.24859509272207406,sensitivity_20261006
meld,1,3,68.46743295019157,0.10136978203312652,67.78088190526078,0.017202969945845394,-0.06972480793611494,reference_20261003
meld,2,3,68.50574712643677,0.07662835249042099,67.83931642664005,0.10229791320381146,-0.011290286556853157,sensitivity_20261006
meld,4,3,68.51851851851852,0.3190292719488369,67.75553797270206,0.24305828014225286,-0.09506874049484138,sensitivity_20261006
meld,6,3,68.56960408684547,0.05852587094452291,67.85060671319691,0.059911436644728734,0.0,reference_20261003
meld,8,3,68.48020434227331,0.09642189572504202,67.69252406943636,0.13388686116963797,-0.15808264376053388,sensitivity_20261006
