dataset,variant,seed,accuracy,weighted_f1,epoch,happiness,sadness,neutral,anger,excited,frustration,surprise,fear,joy,disgust,source
iemocap,full,2025,71.78065311152187,71.92653797281977,36,56.60377358490567,85.5397148676171,70.96774193548386,72.82913165266106,73.14487632508832,68.57142857142857,,,,,results/revision_20261003/analysis.json
iemocap,full,2066,72.2735674676525,72.3450989234245,65,57.432432432432435,83.84458077709613,72.22222222222221,71.50837988826815,74.78260869565217,69.17098445595855,,,,,results/revision_20261003/analysis.json
iemocap,full,2118,72.02711028958718,72.16611478894906,46,57.96178343949043,84.38133874239351,71.87079407806192,70.32967032967034,74.86818980667837,68.67627785058978,,,,,results/revision_20261003/analysis.json
iemocap,no_feature_gating,2025,71.71903881700554,71.8730003069736,32,56.68789808917197,84.77366255144034,71.01063829787235,72.42339832869081,73.72134038800705,68.48958333333334,,,,,results/revision_20261003/analysis.json
iemocap,no_feature_gating,2066,71.65742452248922,71.77664218239957,44,57.234726688102896,84.31771894093687,70.91633466135458,71.23287671232877,73.53463587921848,68.93840104849279,,,,,results/revision_20261003/analysis.json
iemocap,no_feature_gating,2118,71.78065311152187,71.89648541725889,46,57.41935483870968,84.84848484848484,71.69811320754717,69.39890710382512,74.69458987783595,68.15789473684211,,,,,results/revision_20261003/analysis.json
iemocap,no_adaptive_gating,2025,71.41096734442391,71.58810536756359,39,57.230769230769226,84.31771894093687,71.14093959731544,71.8232044198895,72.7927927927928,68.22916666666666,,,,,results/revision_20261003/analysis.json
iemocap,no_adaptive_gating,2066,72.15033887861983,72.2383430518017,55,57.52508361204013,84.12371134020619,72.84595300261097,70.96774193548386,75.043630017452,67.90945406125167,,,,,results/revision_20261003/analysis.json
iemocap,no_adaptive_gating,2118,71.1645101663586,71.3130142170277,40,56.782334384858046,84.61538461538461,70.84468664850135,69.91869918699187,73.17939609236234,67.88036410923277,,,,,results/revision_20261003/analysis.json
iemocap,no_feature_and_adaptive_gating,2025,71.04128157732595,71.21440880749796,35,56.25,83.84458077709613,70.41499330655957,71.62534435261708,73.44028520499108,67.62402088772845,,,,,results/revision_20261003/analysis.json
iemocap,no_feature_and_adaptive_gating,2066,71.84226740603819,71.93993751729374,52,57.999999999999986,83.77823408624229,72.48677248677248,69.81627296587926,75.043630017452,67.55674232309747,,,,,results/revision_20261003/analysis.json
iemocap,no_feature_and_adaptive_gating,2118,71.34935304990758,71.47739731609339,48,58.63192182410424,83.50305498981672,71.62162162162163,68.85245901639345,74.25569176882662,67.44487678339817,,,,,results/revision_20261003/analysis.json
iemocap,no_cross_attention,2025,71.84226740603819,72.0143973223914,38,56.172839506172835,85.82995951417006,71.44754316069057,71.7948717948718,73.53463587921848,68.59395532194482,,,,,results/revision_20261003/analysis.json
iemocap,no_cross_attention,2066,71.28773875539125,71.35933978030437,38,56.393442622950815,84.61538461538461,69.07630522088354,72.32876712328768,73.53463587921848,68.65284974093264,,,,,results/revision_20261003/analysis.json
iemocap,no_cross_attention,2118,71.65742452248922,71.85414777146217,32,54.98489425981873,85.08064516129032,71.46666666666667,72.0,71.63636363636363,70.22106631989598,,,,,results/revision_20261003/analysis.json
iemocap,no_mixer,2025,71.53419593345656,71.66765115051896,53,56.77419354838711,83.36755646817248,71.59841479524438,72.57142857142857,71.97106690777576,69.20152091254752,,,,,results/revision_20261003/analysis.json
iemocap,no_mixer,2066,72.33518176216882,72.42166953104051,43,57.615894039735096,84.95934959349594,71.84210526315789,71.09826589595374,74.07407407407408,69.8331193838254,,,,,results/revision_20261003/analysis.json
iemocap,no_mixer,2118,71.78065311152187,71.92167701868772,48,56.41025641025642,83.84458077709613,70.90663058186739,72.36467236467237,74.21602787456445,69.14212548015365,,,,,results/revision_20261003/analysis.json
iemocap,no_pairwise,2025,71.84226740603819,71.99106315899752,35,56.782334384858046,85.71428571428571,71.14093959731544,72.42339832869081,73.27433628318583,68.57142857142857,,,,,results/revision_20261003/analysis.json
iemocap,no_pairwise,2066,72.21195317313617,72.30387377348082,68,56.666666666666664,84.01639344262296,72.12681638044914,71.75141242937853,74.12587412587412,69.6774193548387,,,,,results/revision_20261003/analysis.json
iemocap,no_pairwise,2118,72.08872458410352,72.23232987671689,46,58.14696485623002,84.72505091649694,72.04301075268819,70.52341597796142,74.86818980667837,68.40731070496084,,,,,results/revision_20261003/analysis.json
iemocap,no_auxiliary_loss,2025,71.59581022797289,71.65113996439051,72,55.97269624573378,84.18891170431212,71.54046997389034,70.91412742382272,72.85464098073555,69.01041666666666,,,,,results/revision_20261003/analysis.json
iemocap,no_auxiliary_loss,2066,71.34935304990758,71.3783779106061,69,53.74149659863946,85.02024291497976,69.91869918699187,71.42857142857143,73.07692307692307,69.38775510204083,,,,,results/revision_20261003/analysis.json
iemocap,no_auxiliary_loss,2118,70.67159581022797,70.85215866356418,35,55.451713395638635,84.77366255144034,69.25133689839572,71.42857142857143,72.37076648841355,67.88511749347259,,,,,results/revision_20261003/analysis.json
iemocap,no_sequence_mixing,2025,71.28773875539125,71.43320136340037,38,56.86900958466454,83.77823408624229,70.54054054054053,71.23287671232877,73.14487632508832,68.64516129032258,,,,,results/revision_20261003/analysis.json
iemocap,no_sequence_mixing,2066,71.53419593345656,71.64739693303807,45,56.209150326797385,84.66257668711657,71.40974967061922,70.39106145251397,72.69503546099291,69.09090909090908,,,,,results/revision_20261003/analysis.json
iemocap,no_sequence_mixing,2118,71.47258163894024,71.63648821452867,51,56.68789808917197,83.84458077709613,71.69811320754717,70.1949860724234,74.03508771929823,68.13471502590674,,,,,results/revision_20261003/analysis.json
iemocap,no_modality_mixing,2025,71.78065311152187,71.92182102317697,38,58.044164037854884,84.08163265306122,70.69892473118279,72.88135593220338,73.30960854092527,69.06290115532735,,,,,results/revision_20261003/analysis.json
iemocap,no_modality_mixing,2066,72.15033887861983,72.25445486325967,40,57.14285714285715,84.55284552845528,71.76781002638522,71.91011235955057,74.38596491228068,69.02887139107612,,,,,results/revision_20261003/analysis.json
iemocap,no_modality_mixing,2118,71.65742452248922,71.80136975384818,48,57.413249211356465,84.7870182555781,71.25506072874494,70.36011080332409,73.17939609236234,69.00129701686122,,,,,results/revision_20261003/analysis.json
iemocap,no_feature_mixing,2025,71.84226740603819,71.95690279666105,36,56.77419354838711,84.72505091649694,70.60402684563759,72.93447293447292,73.4622144112478,69.23076923076923,,,,,results/revision_20261003/analysis.json
iemocap,no_feature_mixing,2066,71.96549599507087,72.07926747001643,49,57.516339869281055,84.08163265306122,71.71314741035857,70.98591549295776,74.38596491228068,68.91191709844558,,,,,results/revision_20261003/analysis.json
iemocap,no_feature_mixing,2118,71.65742452248922,71.81023351937536,46,57.49999999999999,84.38133874239351,71.40939597315436,70.52341597796142,73.85159010600707,68.51119894598156,,,,,results/revision_20261003/analysis.json
iemocap,one_mixer_block,2025,71.78065311152187,71.91437493230889,36,56.9620253164557,84.95934959349594,70.69892473118279,73.4463276836158,73.17939609236234,68.72586872586872,,,,,results/revision_20261003/analysis.json
iemocap,one_mixer_block,2066,71.84226740603819,71.97853904400874,40,57.324840764331206,84.72505091649694,71.52317880794702,71.66666666666667,73.57142857142858,68.66840731070496,,,,,results/revision_20261003/analysis.json
iemocap,one_mixer_block,2118,71.04128157732595,71.19436068113029,46,55.06329113924051,84.72505091649694,70.36535859269283,70.65217391304347,73.23943661971832,68.06282722513089,,,,,results/revision_20261003/analysis.json
iemocap,amm_mlp,2025,71.22612446087491,71.3960332528515,32,56.329113924050645,84.77366255144034,70.0,72.15909090909092,72.40143369175628,68.76574307304784,,,,,results/revision_20261003/analysis.json
iemocap,amm_mlp,2066,72.33518176216882,72.35801831490181,47,56.756756756756765,85.14056224899599,71.22207621550591,72.57142857142857,73.59154929577464,70.1164294954722,,,,,results/revision_20261003/analysis.json
iemocap,amm_mlp,2118,71.59581022797289,71.7499955370762,43,55.69620253164557,84.14634146341461,71.71853856562922,71.50837988826815,73.01587301587301,68.9922480620155,,,,,results/revision_20261003/analysis.json
iemocap,amm_attention,2025,71.78065311152187,71.90568360997901,33,57.32899022801303,84.18891170431212,70.72847682119206,72.77936962750717,73.30960854092527,69.21119592875317,,,,,results/revision_20261003/analysis.json
iemocap,amm_attention,2066,71.84226740603819,71.95784695552555,47,57.42574257425742,83.95061728395062,71.1051930758988,72.0,74.12587412587412,68.87755102040816,,,,,results/revision_20261003/analysis.json
iemocap,amm_attention,2118,72.15033887861983,72.25984737093019,50,58.252427184466015,84.38133874239351,71.75989085948157,71.95467422096317,74.08695652173914,68.96551724137932,,,,,results/revision_20261003/analysis.json
iemocap,amm_cubemlp,2025,71.53419593345656,71.65898684093415,51,58.70967741935485,83.84458077709613,71.2182061579652,70.32967032967034,72.85714285714288,68.81443298969072,,,,,results/revision_20261003/analysis.json
iemocap,amm_cubemlp,2066,71.71903881700554,71.86096639962783,47,57.49999999999999,84.44444444444446,70.69892473118279,71.50837988826815,73.05605786618446,69.58762886597938,,,,,results/revision_20261003/analysis.json
iemocap,amm_cubemlp,2118,72.21195317313617,72.32381601132795,58,56.02605863192183,84.72505091649694,71.67785234899328,71.54929577464787,74.52339688041594,69.77950713359274,,,,,results/revision_20261003/analysis.json
iemocap,amm_mlp_no_aux,2025,71.22612446087491,71.26276909590872,64,55.172413793103445,83.6734693877551,71.11111111111113,69.9724517906336,73.07692307692307,68.66840731070496,,,,,results/revision_20261003/analysis.json
iemocap,amm_mlp_no_aux,2066,71.59581022797289,71.68695888780991,43,55.194805194805184,84.73895582329317,70.79407806191116,70.62146892655367,73.04964539007092,69.8331193838254,,,,,results/revision_20261003/analysis.json
iemocap,amm_mlp_no_aux,2118,71.53419593345656,71.61901126521833,35,55.84415584415584,84.61538461538461,69.74219810040707,72.02216066481995,73.86759581881532,69.17098445595855,,,,,results/revision_20261003/analysis.json
iemocap,pairwise_mlp_residual,2025,71.34935304990758,71.48227166774954,47,58.06451612903225,83.71134020618558,70.41499330655957,71.75141242937853,72.37076648841355,68.94803548795943,,,,,results/revision_20261003/analysis.json
iemocap,pairwise_mlp_residual,2066,72.2735674676525,72.36351819052105,49,57.42574257425742,84.48979591836736,72.24435590969455,72.1311475409836,74.38596491228068,68.84816753926701,,,,,results/revision_20261003/analysis.json
iemocap,pairwise_mlp_residual,2118,71.28773875539125,71.41350054961318,40,56.05095541401275,84.67741935483872,70.8108108108108,70.1086956521739,74.16520210896309,67.72068511198945,,,,,results/revision_20261003/analysis.json
iemocap,single_projection_view,2025,71.1645101663586,71.28928016658521,29,56.9620253164557,84.31771894093687,70.52631578947368,71.62534435261708,72.07207207207207,68.3311432325887,,,,,results/revision_20261003/analysis.json
iemocap,single_projection_view,2066,71.96549599507087,72.11498653027417,40,59.49367088607595,84.42622950819671,71.3527851458886,71.86629526462396,73.96768402154397,68.39378238341969,,,,,results/revision_20261003/analysis.json
iemocap,single_projection_view,2118,71.59581022797289,71.71941778982567,41,55.128205128205124,85.08064516129032,71.27371273712737,70.2247191011236,73.64746945898779,69.00129701686122,,,,,results/revision_20261003/analysis.json
iemocap,projection_views_2,2025,71.22612446087491,71.35384827367214,33,55.769230769230774,84.04040404040404,70.96774193548386,70.28571428571428,72.82415630550622,68.79795396419438,,,,,results/sensitivity_20261006/analysis.json
iemocap,projection_views_2,2066,71.28773875539125,71.38451446641758,45,57.14285714285715,84.14634146341461,69.78609625668449,71.75141242937853,72.5,69.1326530612245,,,,,results/sensitivity_20261006/analysis.json
iemocap,projection_views_2,2118,71.65742452248922,71.85171959920513,37,56.42633228840125,83.95061728395062,71.2182061579652,71.7948717948718,73.66548042704625,69.14212548015365,,,,,results/sensitivity_20261006/analysis.json
iemocap,projection_views_4,2025,71.41096734442391,71.54775894076454,38,58.12500000000001,83.40080971659918,70.71524966261808,71.62534435261708,73.44028520499108,68.31812255541068,,,,,results/sensitivity_20261006/analysis.json
iemocap,projection_views_4,2066,71.84226740603819,71.9106100088771,54,57.333333333333336,84.14634146341461,71.68831168831169,70.62146892655367,73.27433628318583,69.28104575163398,,,,,results/sensitivity_20261006/analysis.json
iemocap,projection_views_4,2118,71.78065311152187,71.84872144587268,35,55.333333333333336,84.61538461538461,70.85561497326204,71.5909090909091,74.08695652173914,69.24066924066923,,,,,results/sensitivity_20261006/analysis.json
iemocap,projection_views_8,2025,71.59581022797289,71.64270277199613,43,56.856187290969906,84.44444444444446,70.36535859269283,71.46814404432133,72.88732394366197,69.38775510204083,,,,,results/sensitivity_20261006/analysis.json
iemocap,projection_views_8,2066,71.90388170055454,72.01992464245502,32,56.76567656765676,84.59958932238193,71.08753315649867,72.06703910614526,74.42680776014109,68.72586872586872,,,,,results/sensitivity_20261006/analysis.json
iemocap,projection_views_8,2118,71.90388170055454,72.02933899257596,43,57.234726688102896,84.89795918367346,71.01063829787235,71.91011235955057,73.6283185840708,69.17098445595855,,,,,results/sensitivity_20261006/analysis.json
iemocap,no_mca_no_amm,2025,71.10289587184226,71.21225172797189,33,57.05128205128205,83.97565922920893,70.54263565891472,71.63323782234957,72.10144927536231,68.1462140992167,,,,,results/single_seed_ablations_20261009/sources/mca_ffn.json
iemocap,no_mca_no_amm,2066,71.78065311152187,71.87127898123856,53,58.27814569536424,84.08163265306122,70.66492829204694,71.17647058823529,73.30960854092527,69.55414012738854,,,,,results/single_seed_ablations_20261009/sources/mca_ffn.json
iemocap,no_mca_no_amm,2118,71.47258163894024,71.54461702302699,49,58.19397993311036,83.73983739837398,70.32085561497327,72.09302325581395,73.51916376306619,68.18757921419518,,,,,results/single_seed_ablations_20261009/sources/mca_ffn.json
iemocap,concat_mlp,2025,70.11706715958103,70.12560602033261,82,53.237410071942435,82.54620123203287,68.76640419947506,71.09826589595374,72.72727272727272,67.41573033707866,,,,,results/concat_mlp_iemocap_20261009/result.json
iemocap,modal_t,2025,68.33025261860752,68.33427622259391,26,46.57534246575342,84.2741935483871,69.63350785340315,66.66666666666666,68.8695652173913,65.32258064516128,,,,,results/revision_20261003/analysis.json
iemocap,modal_t,2066,67.71410967344423,67.84158036249869,28,50.160771704180064,84.55284552845528,67.96875,64.87935656836463,67.26943942133816,65.42056074766356,,,,,results/revision_20261003/analysis.json
iemocap,modal_t,2118,67.89895255699322,67.9932567230855,31,50.0,84.16833667334669,69.01960784313724,65.27415143603133,68.58168761220826,64.10958904109589,,,,,results/revision_20261003/analysis.json
iemocap,modal_a,2025,54.775107825015404,54.509867034209634,78,27.758007117437728,66.27680311890839,57.58754863813229,59.48717948717949,56.893542757417094,49.860724233983284,,,,,results/revision_20261003/analysis.json
iemocap,modal_a,2066,55.329636475662355,55.47384744383513,98,33.22884012539185,68.57142857142857,57.929226736566186,58.94736842105264,57.0409982174688,50.204638472032734,,,,,results/revision_20261003/analysis.json
iemocap,modal_a,2118,54.34380776340111,54.22726653168214,94,28.474576271186443,67.18146718146717,57.06666666666668,57.948717948717956,57.29537366548043,48.70041039671683,,,,,results/revision_20261003/analysis.json
iemocap,modal_v,2025,35.428219346888476,34.63308601606016,34,35.768261964735515,37.89126853377266,32.83173734610123,10.619469026548673,45.98130841121495,35.73333333333334,,,,,results/revision_20261003/analysis.json
iemocap,modal_v,2066,34.13431916204559,33.381151414729366,45,32.28699551569507,38.65814696485623,30.132939438700145,13.100436681222707,42.91044776119403,35.24590163934426,,,,,results/revision_20261003/analysis.json
iemocap,modal_v,2118,34.44239063462724,33.667644061894784,40,31.65829145728643,38.84892086330935,29.461756373937675,12.444444444444445,44.364937388193205,36.408977556109726,,,,,results/revision_20261003/analysis.json
iemocap,modal_ta,2025,70.7332101047443,70.78460996724299,40,57.23905723905723,84.55284552845528,71.29750982961993,68.58638743455498,72.66313932980599,66.04026845637584,,,,,results/revision_20261003/analysis.json
iemocap,modal_ta,2066,70.60998151571165,70.7238947130291,34,57.04918032786884,84.18891170431212,70.57291666666666,69.45169712793734,72.36363636363636,66.66666666666666,,,,,results/revision_20261003/analysis.json
iemocap,modal_ta,2118,70.24029574861368,70.30190468358583,39,56.9620253164557,84.73895582329317,71.59533073929961,68.04123711340206,71.50635208711434,64.81994459833794,,,,,results/revision_20261003/analysis.json
iemocap,modal_tv,2025,68.57670979667283,68.65237806104277,27,49.5114006514658,84.80000000000001,68.42105263157895,66.47230320699707,69.25795053003534,66.23376623376625,,,,,results/revision_20261003/analysis.json
iemocap,modal_tv,2066,68.57670979667283,68.68480219084883,47,51.973684210526315,83.16430020283975,67.8996036988111,65.88921282798835,70.79646017699115,66.07142857142857,,,,,results/revision_20261003/analysis.json
iemocap,modal_tv,2118,68.63832409118915,68.7649786829409,39,51.92307692307692,84.04040404040404,66.93877551020407,67.05539358600583,71.10332749562173,66.07594936708861,,,,,results/revision_20261003/analysis.json
iemocap,modal_av,2025,56.43869377695625,56.54089332349855,64,36.53846153846153,67.69825918762089,58.156028368794324,55.40897097625329,57.04347826086955,55.40897097625329,,,,,results/revision_20261003/analysis.json
iemocap,modal_av,2066,57.4245224892175,57.52463978211133,67,37.5796178343949,69.90291262135922,61.369863013698634,53.68421052631579,60.00000000000001,52.99860529986052,,,,,results/revision_20261003/analysis.json
iemocap,modal_av,2118,56.62353666050524,56.56190119804311,54,35.736677115987455,70.6959706959707,58.46153846153847,55.189873417721515,58.78260869565216,52.29885057471265,,,,,results/revision_20261003/analysis.json
iemocap,ffn_width_256,2025,71.90388170055454,72.04992099556496,36,56.42633228840125,85.59837728194726,70.77747989276139,73.08781869688386,73.0837789661319,69.25064599483206,,,,,results/single_seed_ablations_20261009/sources/mca_ffn.json
iemocap,ffn_width_256,2066,72.33518176216882,72.43266048371795,49,58.08580858085809,84.25357873210635,72.31788079470198,72.11267605633802,74.25569176882662,69.08150064683053,,,,,results/single_seed_ablations_20261009/sources/mca_ffn.json
iemocap,ffn_width_256,2118,71.47258163894024,71.58167074204388,47,56.31067961165047,84.61538461538461,72.09612817089453,69.56521739130434,73.20490367775831,68.0794701986755,,,,,results/single_seed_ablations_20261009/sources/mca_ffn.json
meld,full,2025,68.5823754789272,67.88359990807896,47,,42.73972602739726,80.63902624572081,56.782334384858046,,,61.092150170648466,30.303030303030308,64.70588235294117,40.0,results/revision_20261003/analysis.json
meld,full,2028,68.50574712643677,67.78145114634475,36,,42.69662921348314,80.68702290076337,55.855855855855864,,,60.42402826855123,33.33333333333333,65.74307304785894,34.42622950819673,results/revision_20261003/analysis.json
meld,full,2069,68.62068965517241,67.88676908516699,40,,43.888888888888886,80.85268366958506,56.53495440729483,,,59.79381443298969,31.250000000000007,65.21181001283696,35.59322033898305,results/revision_20261003/analysis.json
meld,no_feature_gating,2025,68.544061302682,67.83673822102014,28,,44.75920679886685,80.75153374233128,56.049004594180694,,,59.735973597359745,34.48275862068966,64.72819216182047,36.0655737704918,results/revision_20261003/analysis.json
meld,no_feature_gating,2028,68.50574712643677,67.7348865320366,26,,44.134078212290504,80.8641975308642,55.03759398496242,,,60.526315789473685,26.82926829268293,65.92039800995025,32.432432432432435,results/revision_20261003/analysis.json
meld,no_feature_gating,2069,68.62068965517241,67.91709194417973,41,,44.3213296398892,80.93058733790998,55.52147239263804,,,60.207612456747405,30.927835051546392,65.48223350253807,36.0655737704918,results/revision_20261003/analysis.json
meld,no_adaptive_gating,2025,68.39080459770115,67.5923007325037,26,,44.565217391304344,80.64024390243904,56.35528330781011,,,59.932659932659924,27.848101265822784,64.19437340153453,35.0,results/revision_20261003/analysis.json
meld,no_adaptive_gating,2028,68.65900383141762,67.92346433060243,27,,45.05494505494505,80.93774019984626,54.853620955315876,,,60.73825503355705,31.818181818181817,65.67534076827758,33.333333333333336,results/revision_20261003/analysis.json
meld,no_adaptive_gating,2069,68.5823754789272,67.87265389685736,43,,43.45403899721448,80.91603053435114,55.469953775038505,,,60.92943201376936,30.61224489795918,65.31645569620252,35.77235772357724,results/revision_20261003/analysis.json
meld,no_feature_and_adaptive_gating,2025,68.5823754789272,67.89083611201315,30,,44.943820224719104,80.76628352490422,55.60538116591929,,,59.82905982905983,35.29411764705882,65.56962025316454,33.599999999999994,results/revision_20261003/analysis.json
meld,no_feature_and_adaptive_gating,2028,68.62068965517241,67.96246331059436,41,,43.71584699453553,80.73394495412843,55.70776255707762,,,60.732984293193724,33.33333333333333,65.65272496831433,37.398373983739845,results/revision_20261003/analysis.json
meld,no_feature_and_adaptive_gating,2069,68.73563218390805,67.99653630568045,45,,43.33333333333334,80.89802130898022,55.19379844961241,,,61.458333333333336,29.47368421052632,65.90621039290242,37.79527559055118,results/revision_20261003/analysis.json
meld,no_cross_attention,2025,68.42911877394636,67.85358506203262,34,,45.40540540540541,80.32159264931086,55.53822152886115,,,60.41666666666667,33.663366336633665,65.40404040404042,39.0625,results/revision_20261003/analysis.json
meld,no_cross_attention,2028,68.04597701149426,67.36498335558049,38,,42.42424242424242,80.47564250095895,55.16178736517718,,,61.3013698630137,28.865979381443303,64.33041301627034,34.710743801652896,results/revision_20261003/analysis.json
meld,no_cross_attention,2069,68.00766283524904,67.13874780188269,42,,41.92634560906516,80.87845513063233,53.91849529780565,,,59.487179487179496,25.80645161290322,64.5408163265306,34.92063492063492,results/revision_20261003/analysis.json
meld,no_mixer,2025,68.46743295019158,67.74645956582603,40,,42.89693593314763,80.73254483021746,55.96330275229357,,,60.72041166380788,31.914893617021278,64.96815286624204,35.48387096774193,results/revision_20261003/analysis.json
meld,no_mixer,2028,68.69731800766283,67.99311447350384,30,,44.0771349862259,81.0477657935285,56.845238095238095,,,61.43572621035058,28.571428571428566,64.97461928934011,30.508474576271183,results/revision_20261003/analysis.json
meld,no_mixer,2069,68.50574712643677,67.65173728467182,41,,43.75,80.72699734948883,55.55555555555556,,,60.544217687074834,30.76923076923077,64.95507060333762,33.057851239669425,results/revision_20261003/analysis.json
meld,no_pairwise,2025,68.5823754789272,67.88654610115192,47,,42.73972602739726,80.66971080669711,56.69291338582677,,,61.092150170648466,30.303030303030308,64.70588235294117,40.0,results/revision_20261003/analysis.json
meld,no_pairwise,2028,68.50574712643677,67.78145114634475,36,,42.69662921348314,80.68702290076337,55.855855855855864,,,60.42402826855123,33.33333333333333,65.74307304785894,34.42622950819673,results/revision_20261003/analysis.json
meld,no_pairwise,2069,68.62068965517241,67.88740402565077,40,,43.888888888888886,80.85268366958506,56.53495440729483,,,59.552495697074015,31.250000000000007,65.3846153846154,35.59322033898305,results/revision_20261003/analysis.json
meld,no_auxiliary_loss,2025,68.27586206896552,67.58869611041463,29,,44.01114206128134,80.58551617873651,56.193353474320254,,,60.46511627906976,28.571428571428566,64.40251572327044,34.42622950819673,results/revision_20261003/analysis.json
meld,no_auxiliary_loss,2028,68.27586206896552,67.36028524333719,29,,43.526170798898065,80.71646341463415,55.21472392638038,,,61.15702479338844,25.0,64.20382165605095,30.630630630630627,results/revision_20261003/analysis.json
meld,no_auxiliary_loss,2069,68.2375478927203,67.5826668263941,39,,44.86486486486487,80.61302681992338,55.29953917050692,,,60.06711409395974,26.66666666666666,65.21181001283696,33.87096774193549,results/revision_20261003/analysis.json
meld,no_sequence_mixing,2025,68.39080459770115,67.6512319629623,31,,43.21329639889196,80.47292143401984,57.40458015267175,,,59.79381443298969,34.09090909090909,64.63878326996198,32.520325203252035,results/revision_20261003/analysis.json
meld,no_sequence_mixing,2028,68.46743295019158,67.69813315993314,37,,43.943661971830984,80.77803203661327,55.35168195718656,,,60.58519793459553,28.888888888888893,65.23929471032746,33.87096774193549,results/revision_20261003/analysis.json
meld,no_sequence_mixing,2069,68.50574712643677,67.75054389940861,44,,44.38202247191011,80.80577727099963,54.858934169279,,,60.647359454855184,30.61224489795918,64.8854961832061,37.096774193548384,results/revision_20261003/analysis.json
meld,no_modality_mixing,2025,68.35249042145594,67.64282742336938,31,,43.943661971830984,80.82348455966452,56.752655538694995,,,58.503401360544224,34.04255319148936,64.35006435006436,33.87096774193549,results/revision_20261003/analysis.json
meld,no_modality_mixing,2028,68.5823754789272,67.80475378116684,34,,45.85635359116023,80.97598170034313,54.7112462006079,,,60.44905008635577,32.608695652173914,65.23388116308469,29.565217391304348,results/revision_20261003/analysis.json
meld,no_modality_mixing,2069,68.39080459770115,67.71472936098378,46,,45.00000000000001,80.55024837600305,56.221198156682014,,,60.06711409395974,27.956989247311824,64.69833119383824,37.096774193548384,results/revision_20261003/analysis.json
meld,no_feature_mixing,2025,68.65900383141762,67.92073287987806,32,,43.69747899159665,80.76045627376426,56.43410852713179,,,60.48109965635739,33.68421052631579,64.96815286624204,36.507936507936506,results/revision_20261003/analysis.json
meld,no_feature_mixing,2028,68.77394636015326,68.04462338199414,36,,43.575418994413404,80.93236530378296,55.722891566265076,,,61.052631578947384,33.68421052631579,65.6641604010025,35.59322033898305,results/revision_20261003/analysis.json
meld,no_feature_mixing,2069,68.46743295019158,67.6476154179276,24,,45.01424501424501,80.67226890756304,55.792682926829265,,,59.86842105263158,26.82926829268293,65.39440203562341,31.9327731092437,results/revision_20261003/analysis.json
meld,one_mixer_block,2025,68.31417624521072,67.67323693305285,34,,42.5414364640884,80.65875143623133,56.20094191522762,,,59.7623089983022,34.693877551020414,64.73551637279598,37.20930232558139,results/revision_20261003/analysis.json
meld,one_mixer_block,2028,68.35249042145594,67.57301093403336,24,,44.20485175202156,80.5866460825936,55.90433482810164,,,60.49586776859503,22.5,65.41822721598002,33.009708737864074,results/revision_20261003/analysis.json
meld,one_mixer_block,2069,68.5823754789272,67.8457088098835,28,,44.31818181818182,80.8413001912046,55.70776255707762,,,60.333333333333336,31.11111111111111,65.3061224489796,34.42622950819673,results/revision_20261003/analysis.json
meld,amm_mlp,2025,68.2375478927203,67.48797751988795,31,,42.857142857142854,80.15238095238094,55.19379844961241,,,60.40955631399317,35.55555555555556,65.39923954372622,36.36363636363637,results/revision_20261003/analysis.json
meld,amm_mlp,2028,68.50574712643677,67.72654433039527,27,,43.47826086956522,81.01071975497702,55.70776255707762,,,60.61643835616438,27.27272727272727,65.49560853199498,29.82456140350877,results/revision_20261003/analysis.json
meld,amm_mlp,2069,68.2375478927203,67.47484690281107,26,,43.767313019390585,80.73535044044426,54.1213063763608,,,60.82644628099173,30.434782608695656,65.23388116308469,30.76923076923077,results/revision_20261003/analysis.json
meld,amm_attention,2025,68.27586206896552,67.4071973895504,35,,40.90909090909091,80.60606060606061,56.79758308157099,,,59.758203799654574,27.368421052631575,65.4639175257732,31.034482758620697,results/revision_20261003/analysis.json
meld,amm_attention,2028,68.5823754789272,67.50762763132184,25,,44.3213296398892,81.1320754716981,55.917159763313606,,,59.38566552901023,21.333333333333336,64.84375,28.84615384615385,results/revision_20261003/analysis.json
meld,amm_attention,2069,68.39080459770115,67.5531782448729,27,,44.25770308123249,80.72837632776935,55.29225908372828,,,59.52380952380953,30.76923076923077,64.98740554156171,33.057851239669425,results/revision_20261003/analysis.json
meld,amm_cubemlp,2025,68.39080459770115,67.80713325496522,39,,44.56824512534819,80.74102663064453,55.65749235474004,,,60.137457044673546,34.78260869565217,65.10480887792849,33.587786259541986,results/revision_20261003/analysis.json
meld,amm_cubemlp,2028,68.65900383141762,67.95901334003838,45,,44.628099173553714,81.10175975516451,54.65465465465464,,,61.92893401015228,27.65957446808511,65.37467700258398,33.898305084745765,results/revision_20261003/analysis.json
meld,amm_cubemlp,2069,68.39080459770115,67.78123387594482,49,,44.692737430167604,80.87557603686636,54.4891640866873,,,60.232945091514146,31.68316831683168,65.81632653061224,33.333333333333336,results/revision_20261003/analysis.json
meld,amm_mlp_no_aux,2025,68.16091954022988,67.46173728462152,30,,40.97035040431267,80.36951501154735,55.73770491803278,,,61.774744027303754,25.287356321839077,66.32911392405063,30.76923076923077,results/revision_20261003/analysis.json
meld,amm_mlp_no_aux,2028,68.62068965517241,67.45690316553558,19,,42.45810055865922,81.01265822784809,56.6951566951567,,,61.0,14.705882352941178,65.57788944723619,24.719101123595507,results/revision_20261003/analysis.json
meld,amm_mlp_no_aux,2069,68.19923371647509,67.56381988613246,41,,45.23160762942779,80.62787136294027,54.63108320251177,,,61.64154103852596,26.26262626262626,65.04481434058899,29.92125984251969,results/revision_20261003/analysis.json
meld,pairwise_mlp_residual,2025,68.04597701149426,67.26495041636294,32,,42.77777777777778,80.48595292331056,55.62700964630226,,,59.395973154362416,29.166666666666668,64.54891994917406,33.599999999999994,results/revision_20261003/analysis.json
meld,pairwise_mlp_residual,2028,68.69731800766283,67.86729371593522,28,,44.01114206128134,81.03579588728104,55.55555555555555,,,60.92943201376936,30.23255813953488,65.39440203562341,31.034482758620697,results/revision_20261003/analysis.json
meld,pairwise_mlp_residual,2069,68.31417624521072,67.6021529021208,38,,43.575418994413404,80.60952380952381,56.00000000000001,,,59.79381443298969,31.250000000000007,64.5408163265306,36.8,results/revision_20261003/analysis.json
meld,single_projection_view,2025,68.35249042145594,67.79096259764775,28,,43.90243902439025,80.5566293003479,56.69781931464175,,,60.16528925619834,31.11111111111111,65.33166458072593,34.375,results/revision_20261003/analysis.json
meld,single_projection_view,2028,68.544061302682,67.76101837095855,32,,44.50402144772118,80.57772709996198,55.60675883256528,,,60.38394415357766,27.906976744186046,65.73604060913706,35.59322033898305,results/revision_20261003/analysis.json
meld,single_projection_view,2069,68.50574712643677,67.79066474717604,28,,45.19774011299435,80.73394495412843,56.528417818740394,,,59.76627712854757,30.107526881720435,64.54891994917406,35.0,results/revision_20261003/analysis.json
meld,projection_views_2,2025,68.42911877394636,67.9048885480505,31,,43.596730245231605,80.74102663064453,56.09756097560975,,,59.96592844974447,34.693877551020414,65.06935687263557,39.0625,results/sensitivity_20261006/analysis.json
meld,projection_views_2,2028,68.5823754789272,67.89161905916815,30,,45.52845528455284,80.89025326170376,55.6732223903177,,,60.0,29.88505747126437,65.56962025316454,32.47863247863248,results/sensitivity_20261006/analysis.json
meld,projection_views_2,2069,68.50574712643677,67.7214416727015,37,,44.44444444444444,80.39438756162306,56.514913657770805,,,60.06711409395974,31.914893617021278,65.04481434058899,35.48387096774193,results/sensitivity_20261006/analysis.json
meld,projection_views_4,2025,68.16091954022988,67.53530719126,29,,43.71584699453553,80.55555555555557,56.44171779141104,,,60.03316749585406,29.88505747126437,64.321608040201,33.87096774193549,results/sensitivity_20261006/analysis.json
meld,projection_views_4,2028,68.77394636015326,68.01632230423297,36,,45.76271186440678,80.79117535184481,55.96330275229357,,,59.6551724137931,32.96703296703297,65.56962025316454,36.0655737704918,results/sensitivity_20261006/analysis.json
meld,projection_views_4,2069,68.62068965517241,67.7149844226132,24,,43.731778425655975,80.77214231642697,55.96330275229357,,,59.395973154362416,31.11111111111111,65.30089628681179,35.08771929824562,results/sensitivity_20261006/analysis.json
meld,projection_views_8,2025,68.39080459770115,67.54432607054046,24,,43.626062322946176,80.53537284894836,56.25,,,59.83193277310923,31.16883116883117,65.06935687263557,31.304347826086953,results/sensitivity_20261006/analysis.json
meld,projection_views_8,2028,68.5823754789272,67.8047505712454,32,,43.13725490196079,80.98859315589353,55.13016845329249,,,61.11111111111111,29.166666666666668,65.0571791613723,36.36363636363637,results/sensitivity_20261006/analysis.json
meld,projection_views_8,2069,68.46743295019158,67.72849556652322,33,,44.943820224719104,80.80731150038079,55.16178736517718,,,60.73825503355705,29.166666666666668,65.03225806451613,32.786885245901644,results/sensitivity_20261006/analysis.json
meld,no_mca_no_amm,2025,68.46743295019158,67.78982075986019,29,,43.69747899159665,80.47655649500385,56.32530120481929,,,60.40268456375839,35.55555555555556,65.73957016434892,31.66666666666667,results/single_seed_ablations_20261009/sources/mca_ffn.json
meld,no_mca_no_amm,2028,68.27586206896552,67.63500017503985,36,,43.13725490196079,80.5843906189927,55.92705167173252,,,60.232945091514146,31.57894736842105,65.22292993630573,34.146341463414636,results/single_seed_ablations_20261009/sources/mca_ffn.json
meld,no_mca_no_amm,2069,68.96551724137932,68.15007282071312,29,,43.75,81.33129303749043,55.90062111801242,,,60.85526315789473,29.21348314606742,66.08040201005025,32.47863247863248,results/single_seed_ablations_20261009/sources/mca_ffn.json
meld,concat_mlp,2025,68.77394636015326,67.88797397685946,48,,42.5414364640884,80.8027262400606,55.748031496063,,,61.06346483704973,34.883720930232556,65.40880503144655,35.59322033898305,results/concat_mlp_20261009/meld_seed2025/result.json
meld,modal_t,2025,68.42911877394636,67.7050384586421,25,,45.00000000000001,80.75153374233128,55.38461538461539,,,60.59602649006624,30.23255813953488,64.47534766118838,34.710743801652896,results/revision_20261003/analysis.json
meld,modal_t,2028,68.31417624521072,67.4996557873617,29,,45.05494505494505,80.51849027830728,54.263565891472865,,,60.16806722689076,28.915662650602407,65.40404040404042,33.898305084745765,results/revision_20261003/analysis.json
meld,modal_t,2069,68.16091954022988,67.29236230640352,27,,42.3728813559322,80.70041872858774,54.516640253565775,,,59.735973597359745,30.588235294117645,64.98740554156171,32.520325203252035,results/revision_20261003/analysis.json
meld,modal_a,2025,52.52873563218391,48.37548149398866,43,,24.734982332155482,68.71414107323658,40.86330935251799,,,28.333333333333332,0.0,31.718061674008812,0.0,results/revision_20261003/analysis.json
meld,modal_a,2028,52.643678160919535,48.64937197615018,48,,25.42955326460481,68.48381601362861,43.681318681318686,,,28.925619834710748,0.0,31.024096385542173,0.0,results/revision_20261003/analysis.json
meld,modal_a,2069,52.41379310344828,48.314637585107036,47,,23.703703703703706,68.31247886371322,42.73255813953487,,,29.38931297709924,0.0,30.76923076923077,0.0,results/revision_20261003/analysis.json
meld,modal_v,2025,41.91570881226054,32.599344284740106,3,,0.0,57.922480620155035,0.0,,,0.0,0.0,30.68072866730585,0.0,results/revision_20261003/analysis.json
meld,modal_v,2028,48.122605363984675,31.26849060381001,1,,0.0,64.97672012415934,0.0,,,0.0,0.0,0.0,0.0,results/revision_20261003/analysis.json
meld,modal_v,2069,48.122605363984675,31.26849060381001,5,,0.0,64.97672012415934,0.0,,,0.0,0.0,0.0,0.0,results/revision_20261003/analysis.json
meld,modal_ta,2025,68.5823754789272,67.81412735485162,27,,43.75,80.85758039816233,56.172839506172835,,,61.02819237147595,29.545454545454547,64.65408805031446,34.42622950819673,results/revision_20261003/analysis.json
meld,modal_ta,2028,68.544061302682,67.7571062669293,36,,43.75,80.72976054732041,55.04587155963303,,,59.89492119089317,35.05154639175258,65.32663316582915,36.97478991596639,results/revision_20261003/analysis.json
meld,modal_ta,2069,68.85057471264368,68.07734103947412,46,,44.01114206128134,81.03382744203725,55.641421947449764,,,60.8695652173913,32.25806451612903,65.40404040404042,37.398373983739845,results/revision_20261003/analysis.json
meld,modal_tv,2025,68.00766283524904,67.37399043325428,39,,41.666666666666664,80.25964108438338,56.162246489859605,,,60.273972602739725,31.775700934579444,64.11238825031928,39.682539682539684,results/revision_20261003/analysis.json
meld,modal_tv,2028,68.16091954022988,67.39146399859875,38,,42.73504273504273,80.62310030395136,54.878048780487795,,,58.88501742160279,34.0,65.22292993630573,34.42622950819673,results/revision_20261003/analysis.json
meld,modal_tv,2069,68.16091954022988,67.28833127349978,44,,40.563380281690144,80.40847201210288,55.03144654088049,,,60.750853242320815,33.68421052631579,64.62324393358875,36.36363636363637,results/revision_20261003/analysis.json
meld,modal_av,2025,52.68199233716475,48.63730265110873,38,,24.19928825622776,68.70748299319727,43.75,,,26.35983263598326,0.0,32.61802575107296,0.0,results/revision_20261003/analysis.json
meld,modal_av,2028,52.758620689655174,49.11527468737921,46,,27.831715210355984,68.48652384243262,45.25745257452574,,,27.888446215139446,0.0,32.16995447647952,0.0,results/revision_20261003/analysis.json
meld,modal_av,2069,52.643678160919535,48.831266178702876,41,,23.859649122807017,68.5890834191555,43.25068870523416,,,28.460038986354775,0.0,33.383458646616546,0.0,results/revision_20261003/analysis.json
meld,ffn_width_256,2025,68.12260536398468,67.45158535616302,33,,43.66576819407009,80.45889101338433,56.87789799072643,,,58.843537414965986,30.107526881720435,64.29479034307496,35.294117647058826,results/single_seed_ablations_20261009/sources/mca_ffn.json
